Store No,Store Name,Status,POS,Updated,Rate,Open Date
783000,新店,未全部更新,27,0,0,
830100,板橋國光,未全部更新,4,0,0,
830200,中和景新,未全部更新,4,0,0,
830300,淡水淡大,未全部更新,10,0,0,
830700,蘆洲重陽,未全部更新,9,0,0,
830900,新莊公園,未全部更新,4,0,0,
831100,蘆洲九芎,未全部更新,4,0,0,
831400,鶯歌建國,未全部更新,4,0,0,
831500,林口竹林,未全部更新,4,0,0,
831800,板橋長江,未全部更新,5,0,0,
831900,樹林中山,未全部更新,4,0,0,
832000,蘆洲忠孝,未全部更新,3,0,0,
832100,新莊建國,未全部更新,3,0,0,
832200,新莊幸福,未全部更新,6,0,0,
840100,龍潭北龍,未全部更新,11,0,0,
840200,桃園國際,未全部更新,10,0,0,
840300,龜山迴龍,未全部更新,4,0,0,
840500,新屋中山,未全部更新,5,0,0,
840600,龜山自強,未全部更新,7,0,0,
840700,中壢環中,未全部更新,11,0,0,
840900,中壢長春,未全部更新,7,0,0,
841000,中壢中山,未全部更新,5,0,0,
841100,桃園大有,未全部更新,7,0,0,
841200,桃園桃鶯,未全部更新,9,0,0,
841300,桃園三民,未全部更新,7,0,0,
841400,桃園莊敬,未全部更新,2,0,0,
841900,大溪文化,未全部更新,7,0,0,
842000,平鎮和平,未全部更新,6,0,0,
842100,八德福國北,未全部更新,9,0,0,
842200,大溪中正,未全部更新,6,0,0,
842500,中壢中原,未全部更新,3,0,0,
842600,桃園武陵,未全部更新,3,0,0,
842700,八德介壽,未全部更新,7,0,0,
842800,蘆竹忠孝,未全部更新,5,0,0,
842900,楊梅中山,未全部更新,5,0,0,
843000,桃園中正,未全部更新,3,0,0,
850100,新竹中正,未全部更新,3,0,0,
870000,苗栗中正,未全部更新,7,0,0,
870100,公館大同,未全部更新,5,0,0,
870300,苗栗縣府,未全部更新,5,0,0,
096000,台中明新,未全部更新,8,2,25,
099900,大里甲堤,未全部更新,8,2,25,
118800,彰化中興,未全部更新,8,2,25,
101200,鹿谷鹿彰,未全部更新,7,2,28,
063100,新豐文昌,未全部更新,6,2,33,
063300,關西中山東,未全部更新,6,2,33,
124600,二崙中正,未全部更新,6,2,33,
156100,善化中山,未全部更新,12,4,33,
188000,茄萣民族,未全部更新,6,2,33,
253500,萬華莒光,未全部更新,9,3,33,
096700,清水中山,未全部更新,11,4,36,
038000,樹林佳園,未全部更新,8,3,37,
051300,新竹香北,未全部更新,8,3,37,
097700,大里練武,未全部更新,8,3,37,
098700,台中山西,未全部更新,8,3,37,
115600,彰化溪州,未全部更新,8,3,37,
119200,彰化金馬,未全部更新,8,3,37,
125000,北港民主,未全部更新,8,3,37,
156400,台南林森,未全部更新,8,3,37,
167500,台南西門,未全部更新,8,3,37,
341400,豐原豐勢,未全部更新,8,3,37,
013400,基隆孝東,未全部更新,5,2,40,
045800,大園春德,未全部更新,10,4,40,
047000,桃園天祥,未全部更新,10,4,40,
049500,桃園延平,未全部更新,5,2,40,
060600,新竹金山,未全部更新,5,2,40,
082300,台中萬和,未全部更新,5,2,40,
188600,苓雅凱旋一,未全部更新,5,2,40,
189600,前鎮忠勤,未全部更新,5,2,40,
306000,中和華新,未全部更新,5,2,40,
306300,三重中正南,未全部更新,5,2,40,
307800,新店大鵬,未全部更新,5,2,40,
308200,板橋溪城,未全部更新,5,2,40,
340200,東勢東關,未全部更新,10,4,40,
095700,台中市政,未全部更新,12,5,41,
013600,基隆麥金,未全部更新,7,3,42,
046300,蘆竹山腳,未全部更新,7,3,42,
046600,桃園正光,未全部更新,7,3,42,
047600,平鎮新富,未全部更新,7,3,42,
048500,楊梅豐興,未全部更新,7,3,42,
049100,大溪仁和,未全部更新,7,3,42,
063000,竹北文興,未全部更新,7,3,42,
063900,湖口明德,未全部更新,7,3,42,
073500,苑裡為公,未全部更新,7,3,42,
097800,台中進化,未全部更新,7,3,42,
099600,大里新興,未全部更新,7,3,42,
100300,水里,未全部更新,7,3,42,
116300,彰化彰鹿,未全部更新,7,3,42,
116400,埔心員鹿,未全部更新,7,3,42,
117800,永靖新興,未全部更新,7,3,42,
118200,線西中正,未全部更新,7,3,42,
118500,北斗斗中,未全部更新,7,3,42,
119000,和美仁昌,未全部更新,7,3,42,
119600,大村大仁,未全部更新,7,3,42,
119700,伸港中興,未全部更新,7,3,42,
123600,台西文化,未全部更新,7,3,42,
124400,古坑文淵,未全部更新,7,3,42,
124500,林內中正,未全部更新,7,3,42,
124800,莿桐和平,未全部更新,7,3,42,
153500,台南海安,未全部更新,7,3,42,
156000,善化善新,未全部更新,7,3,42,
156300,安平永華,未全部更新,7,3,42,
156600,台南萬年五,未全部更新,7,3,42,
163600,玉井中華,未全部更新,7,3,42,
165300,麻豆中山,未全部更新,7,3,42,
183600,苓雅三多,未全部更新,7,3,42,
184300,鳳山海洋一,未全部更新,7,3,42,
184700,仁武中華,未全部更新,7,3,42,
187700,林園石化三,未全部更新,7,3,42,
223200,羅東站前,未全部更新,7,3,42,
240100,金門慈湖,未全部更新,7,3,42,
305000,三峽中正,未全部更新,7,3,42,
341200,台中福雅,未全部更新,7,3,42,
341700,烏日公園,未全部更新,7,3,42,
047300,龍潭中興,未全部更新,9,4,44,
049300,桃園永安,未全部更新,9,4,44,
091800,沙鹿,未全部更新,9,4,44,
222300,羅東光榮,未全部更新,9,4,44,
071900,苗栗正義,未全部更新,11,5,45,
012100,基隆新豐,未全部更新,4,2,50,
013500,基隆復興,未全部更新,6,3,50,
014200,基隆福五,未全部更新,6,3,50,
014300,基隆中和,未全部更新,4,2,50,
041500,龜山萬壽,未全部更新,6,3,50,
042100,桃園永美,未全部更新,6,3,50,
042200,大溪僑愛,未全部更新,6,3,50,
043100,八德興豐,未全部更新,8,4,50,
044500,平鎮延平,未全部更新,8,4,50,
045200,桃園大業,未全部更新,6,3,50,
045300,龜山興華,未全部更新,6,3,50,
045900,八德永豐,未全部更新,6,3,50,
046800,平鎮龍南,未全部更新,8,4,50,
047800,中壢永順,未全部更新,8,4,50,
047900,楊梅三元,未全部更新,8,4,50,
048000,龜山華亞三,未全部更新,6,3,50,
049600,觀音民生,未全部更新,6,3,50,
051900,新竹延平,未全部更新,6,3,50,
052400,新竹科學園,未全部更新,6,3,50,
061900,竹北十興,未全部更新,6,3,50,
062000,竹北嘉豐,未全部更新,8,4,50,
062700,湖口中山,未全部更新,8,4,50,
062800,竹北莊敬南,未全部更新,6,3,50,
062900,竹北光明,未全部更新,8,4,50,
063200,竹北環北,未全部更新,8,4,50,
063500,竹北文平,未全部更新,8,4,50,
071700,通霄自強,未全部更新,8,4,50,
073000,頭份中興,未全部更新,8,4,50,
073100,大湖台三,未全部更新,6,3,50,
073300,三灣中正,未全部更新,6,3,50,
081700,中工,未全部更新,8,4,50,
087100,后里文明,未全部更新,8,4,50,
089700,台中工學,未全部更新,8,4,50,
089800,台中建國南,未全部更新,8,4,50,
091100,太平樹德,未全部更新,8,4,50,
091500,國光,未全部更新,6,3,50,
093300,清水中興,未全部更新,8,4,50,
094800,東勢豐勢,未全部更新,6,3,50,
095900,大肚中蔗,未全部更新,6,3,50,
096400,台中福科,未全部更新,8,4,50,
096600,潭子潭豐,未全部更新,6,3,50,
096800,大甲黎明,未全部更新,6,3,50,
096900,台中忠明南,未全部更新,8,4,50,
097000,台中惠文,未全部更新,8,4,50,
097300,沙鹿北勢東,未全部更新,8,4,50,
097400,潭子中山,未全部更新,8,4,50,
097600,台中松竹,未全部更新,10,5,50,
098000,大甲甲后,未全部更新,6,3,50,
098600,台中敦化,未全部更新,8,4,50,
099100,台中敦富,未全部更新,8,4,50,
101300,南投彰南,未全部更新,6,3,50,
101400,竹山國中,未全部更新,6,3,50,
101500,南投新興,未全部更新,8,4,50,
101600,草屯碧山,未全部更新,6,3,50,
112400,彰化員林,未全部更新,10,5,50,
113400,員林靜修,未全部更新,6,3,50,
113600,員林育英,未全部更新,6,3,50,
116000,彰化福興,未全部更新,6,3,50,
118100,花壇學前,未全部更新,8,4,50,
118400,社頭中山,未全部更新,8,4,50,
118600,秀水彰水,未全部更新,8,4,50,
118700,彰化延平,未全部更新,8,4,50,
118900,埔鹽彰水,未全部更新,6,3,50,
119300,員林復興,未全部更新,8,4,50,
119400,彰化中正,未全部更新,8,4,50,
119500,員林法院,未全部更新,8,4,50,
120300,雲林麥寮,未全部更新,6,3,50,
121500,斗六公正,未全部更新,6,3,50,
122800,斗南長安,未全部更新,6,3,50,
123900,麥寮中山,未全部更新,6,3,50,
124300,元長元南,未全部更新,6,3,50,
124700,土庫中華,未全部更新,8,4,50,
124900,斗南延平,未全部更新,6,3,50,
125100,斗六中興,未全部更新,6,3,50,
125300,斗六永安,未全部更新,6,3,50,
130000,吳鳳,未全部更新,6,3,50,
130400,嘉義竹圍,未全部更新,6,3,50,
130600,嘉義軍輝,未全部更新,6,3,50,
130800,嘉義大統,未全部更新,6,3,50,
131200,嘉義大雅,未全部更新,6,3,50,
131800,嘉義湖子內,未全部更新,6,3,50,
132600,嘉義興業東,未全部更新,6,3,50,
140700,嘉義梅山,未全部更新,6,3,50,
143000,鹿草國中,未全部更新,6,3,50,
152700,台南崇道,未全部更新,4,2,50,
156200,台南康樂,未全部更新,6,3,50,
156500,麻豆博愛,未全部更新,6,3,50,
157100,新營三民,未全部更新,8,4,50,
157300,台南新和東,未全部更新,6,3,50,
157600,歸仁中正南,未全部更新,6,3,50,
157800,永康永明,未全部更新,6,3,50,
157900,新市中正,未全部更新,6,3,50,
161600,歸仁中山,未全部更新,4,2,50,
163400,台南長榮,未全部更新,6,3,50,
164600,台南文賢一,未全部更新,8,4,50,
164800,台南開元,未全部更新,8,4,50,
165400,新市復興,未全部更新,6,3,50,
165600,台南西和,未全部更新,6,3,50,
165700,台南永華,未全部更新,6,3,50,
166300,東山中興,未全部更新,6,3,50,
166500,台南公學,未全部更新,6,3,50,
166600,台南州南,未全部更新,6,3,50,
167300,新營東興,未全部更新,6,3,50,
167600,台南海佃,未全部更新,6,3,50,
167700,台南興昌,未全部更新,6,3,50,
173600,鳥松本?,未全部更新,6,3,50,
176600,仁武永仁,未全部更新,6,3,50,
179500,鳳山保南,未全部更新,6,3,50,
181700,鹽埕七賢三,未全部更新,6,3,50,
182100,路竹國昌,未全部更新,6,3,50,
183400,岡山大仁北,未全部更新,6,3,50,
183800,橋頭成功南,未全部更新,6,3,50,
184000,左營富國,未全部更新,6,3,50,
184100,彌陀中正東,未全部更新,6,3,50,
184200,仁武霞海,未全部更新,6,3,50,
184400,梓官中正,未全部更新,6,3,50,
185600,旗山旗甲,未全部更新,6,3,50,
185700,鼓山南屏,未全部更新,6,3,50,
185800,大樹中正一,未全部更新,6,3,50,
188500,左營海景,未全部更新,6,3,50,
192800,新園仙吉,未全部更新,6,3,50,
195300,佳冬玉光,未全部更新,6,3,50,
196100,崁頂中正,未全部更新,6,3,50,
200300,台東更生,未全部更新,8,4,50,
221700,宜蘭復興,未全部更新,6,3,50,
230400,澎湖民權,未全部更新,6,3,50,
230700,澎湖中華,未全部更新,8,4,50,
240600,金門東林,未全部更新,6,3,50,
255400,中山天津,未全部更新,6,3,50,
256000,內湖舊宗,未全部更新,10,5,50,
257000,士林華岡,未全部更新,4,2,50,
257300,大同寧夏,未全部更新,4,2,50,
300600,中和大勇,未全部更新,6,3,50,
301000,三峽和平,未全部更新,6,3,50,
306200,八里中山,未全部更新,6,3,50,
306600,八里商港,未全部更新,6,3,50,
307700,貢寮延平,未全部更新,4,2,50,
309700,林口公園,未全部更新,6,3,50,
310300,八里龍形,未全部更新,6,3,50,
320200,中壢南園,未全部更新,6,3,50,
340000,台中梅川東,未全部更新,8,4,50,
340100,烏日環河,未全部更新,8,4,50,
342100,外埔六分,未全部更新,6,3,50,
342200,台中福昌,未全部更新,6,3,50,
600100,中和景德,未全部更新,4,2,50,
600600,中山建國北,未全部更新,4,2,50,
841600,桃園復興,未全部更新,8,4,50,
131900,嘉義興業西,未全部更新,11,6,54,
025700,大安延吉,未全部更新,9,5,55,
870400,頭份信東,未全部更新,9,5,55,
024100,中山松花,未全部更新,7,4,57,
028000,北投捷運,未全部更新,7,4,57,
034200,三峽安溪,未全部更新,7,4,57,
036600,板橋國慶,未全部更新,7,4,57,
041200,桃園慈文,未全部更新,7,4,57,
041900,龜山文化,未全部更新,7,4,57,
042000,蘆竹吉林,未全部更新,7,4,57,
042600,龜山中興,未全部更新,7,4,57,
044100,楊梅民族,未全部更新,7,4,57,
045700,龜山文青,未全部更新,7,4,57,
046900,龜山長慶,未全部更新,7,4,57,
047100,桃園龍泉,未全部更新,7,4,57,
047200,中壢龍東,未全部更新,7,4,57,
047400,蘆竹六福,未全部更新,7,4,57,
047500,桃園春日,未全部更新,7,4,57,
048200,楊梅文化,未全部更新,7,4,57,
048600,龜山忠義,未全部更新,7,4,57,
049000,觀音成功,未全部更新,7,4,57,
051800,新竹關新西,未全部更新,7,4,57,
052000,新竹振興,未全部更新,7,4,57,
052100,新竹中華,未全部更新,7,4,57,
052300,新竹城北,未全部更新,7,4,57,
061700,芎林文德,未全部更新,7,4,57,
063400,竹東榮華,未全部更新,7,4,57,
071800,卓蘭經國,未全部更新,7,4,57,
073200,竹南科專七,未全部更新,7,4,57,
082100,台中忠明,未全部更新,7,4,57,
083700,台中南門,未全部更新,7,4,57,
085900,梧棲文化,未全部更新,7,4,57,
087500,大里新芳,未全部更新,7,4,57,
089900,台中大昌,未全部更新,7,4,57,
090300,太平宜昌,未全部更新,7,4,57,
092400,霧峰民生,未全部更新,7,4,57,
093100,豐原田心,未全部更新,7,4,57,
093800,潭子潭陽,未全部更新,7,4,57,
095600,大里爽文,未全部更新,7,4,57,
095800,台中忠義,未全部更新,7,4,57,
096200,台中楓樹,未全部更新,7,4,57,
096300,潭子得天,未全部更新,7,4,57,
096500,豐原北陽,未全部更新,7,4,57,
097100,台中忠孝,未全部更新,7,4,57,
097200,台中環中,未全部更新,7,4,57,
097900,台中南興,未全部更新,7,4,57,
098100,太平中和,未全部更新,7,4,57,
098200,台中河北東,未全部更新,7,4,57,
098500,潭子福潭,未全部更新,7,4,57,
099000,台中崇德八,未全部更新,7,4,57,
099200,台中寶慶,未全部更新,7,4,57,
099400,清水新興,未全部更新,7,4,57,
099700,大甲經國,未全部更新,7,4,57,
102900,埔里北門,未全部更新,7,4,57,
111100,彰安,未全部更新,7,4,57,
119100,彰化彰南,未全部更新,7,4,57,
120900,虎尾林森,未全部更新,7,4,57,
123700,虎尾光復,未全部更新,7,4,57,
141500,水上中興,未全部更新,7,4,57,
142900,布袋大智,未全部更新,7,4,57,
150400,培安,未全部更新,7,4,57,
150900,台南崇明,未全部更新,7,4,57,
151400,延平,未全部更新,7,4,57,
152400,台南鹽埕,未全部更新,7,4,57,
155100,佳里仁愛,未全部更新,7,4,57,
157000,永康勝華,未全部更新,7,4,57,
164300,台南安富,未全部更新,7,4,57,
166900,台南宜居,未全部更新,7,4,57,
167400,台南生產,未全部更新,7,4,57,
177300,岡山壽華,未全部更新,7,4,57,
177600,鼓山華夏,未全部更新,7,4,57,
182400,鼓山美術南,未全部更新,7,4,57,
185000,岡山平和,未全部更新,7,4,57,
185900,大寮鳳屏一,未全部更新,7,4,57,
187600,苓雅正大,未全部更新,7,4,57,
194800,內埔昭勝,未全部更新,7,4,57,
195700,屏東崇明,未全部更新,7,4,57,
256700,中山新生北,未全部更新,7,4,57,
306400,樹林八德,未全部更新,7,4,57,
307300,鶯歌尖山,未全部更新,7,4,57,
307500,五股新五,未全部更新,7,4,57,
307900,蘆洲中華,未全部更新,7,4,57,
308300,林口文化北,未全部更新,7,4,57,
310200,鶯歌鶯桃,未全部更新,7,4,57,
340400,大雅永和,未全部更新,7,4,57,
341100,清水四維東,未全部更新,7,4,57,
340900,台中文山,未全部更新,12,7,58,
011600,基隆精一,未全部更新,5,3,60,
012400,基隆信義,未全部更新,5,3,60,
012600,基隆光華,未全部更新,5,3,60,
012900,基隆武隆,未全部更新,5,3,60,
013800,基隆西定,未全部更新,5,3,60,
021000,大直敬業,未全部更新,5,3,60,
021400,中山林森,未全部更新,5,3,60,
023100,內湖民權,未全部更新,5,3,60,
030100,五股德音,未全部更新,5,3,60,
030600,汐止建成,未全部更新,5,3,60,
035700,三重中正,未全部更新,5,3,60,
036200,瑞芳中正,未全部更新,5,3,60,
036500,中和光華,未全部更新,5,3,60,
038900,泰山文程,未全部更新,5,3,60,
044900,中壢普忠,未全部更新,5,3,60,
045600,平鎮貿五,未全部更新,5,3,60,
046400,龜山大同,未全部更新,5,3,60,
047700,楊梅中山北,未全部更新,10,6,60,
048800,龜山文德,未全部更新,5,3,60,
049400,中壢南亞,未全部更新,5,3,60,
052200,新竹藝術,未全部更新,5,3,60,
060700,新竹忠孝,未全部更新,5,3,60,
064100,新豐建興,未全部更新,5,3,60,
082400,大智,未全部更新,5,3,60,
083300,台中永興,未全部更新,5,3,60,
085100,大里仁化,未全部更新,5,3,60,
090800,神岡五權,未全部更新,5,3,60,
093600,太平東平,未全部更新,5,3,60,
095300,大里益民,未全部更新,5,3,60,
096100,龍井藝術,未全部更新,5,3,60,
100100,草屯中山,未全部更新,5,3,60,
100500,埔里信義,未全部更新,5,3,60,
103000,草屯虎山,未全部更新,5,3,60,
112900,溪湖,未全部更新,5,3,60,
114300,溪湖平和,未全部更新,5,3,60,
114700,芬園芬草,未全部更新,5,3,60,
118000,員林浮圳,未全部更新,5,3,60,
118300,二水民生,未全部更新,5,3,60,
123000,大埤中正,未全部更新,5,3,60,
132000,嘉義林森西,未全部更新,5,3,60,
141200,朴子嘉朴,未全部更新,5,3,60,
141300,六腳蒜頭,未全部更新,5,3,60,
141400,大林民生,未全部更新,5,3,60,
153400,下營中山,未全部更新,5,3,60,
154700,台南土城,未全部更新,5,3,60,
157200,永康永大一,未全部更新,5,3,60,
158000,仁德土庫,未全部更新,5,3,60,
160900,永康南工,未全部更新,5,3,60,
161300,白河富民,未全部更新,5,3,60,
161900,善化忠孝,未全部更新,5,3,60,
162500,台南佳里,未全部更新,5,3,60,
163700,台南自由,未全部更新,5,3,60,
165500,仁德德安,未全部更新,5,3,60,
166200,永康永華,未全部更新,5,3,60,
166400,永康中正北,未全部更新,5,3,60,
166700,安定安加,未全部更新,5,3,60,
166800,台南後壁,未全部更新,5,3,60,
167200,歸仁文化,未全部更新,5,3,60,
167800,永康中山,未全部更新,5,3,60,
167900,歸仁忠孝北,未全部更新,5,3,60,
170000,高雄復興,未全部更新,5,3,60,
171600,高雄明仁,未全部更新,5,3,60,
172900,苓雅建國一,未全部更新,5,3,60,
173200,鳳山青年,未全部更新,5,3,60,
173400,鳳山信義,未全部更新,5,3,60,
173500,鳳山五福二,未全部更新,5,3,60,
173800,鳳山青年二,未全部更新,5,3,60,
175700,路竹中正,未全部更新,5,3,60,
176200,梓官中崙,未全部更新,5,3,60,
182500,大寮三隆,未全部更新,5,3,60,
182800,楠梓德中,未全部更新,5,3,60,
183200,仁武八德南,未全部更新,5,3,60,
183700,阿蓮中正,未全部更新,5,3,60,
185300,左營文學,未全部更新,5,3,60,
185500,路竹金平,未全部更新,5,3,60,
186800,前金自強二,未全部更新,5,3,60,
187000,鳳山頂庄,未全部更新,5,3,60,
187200,鼓山日昌,未全部更新,5,3,60,
187900,左營果貿,未全部更新,5,3,60,
188200,湖內中山,未全部更新,5,3,60,
188800,鳳山五甲二,未全部更新,5,3,60,
189000,鳳山北昌五,未全部更新,5,3,60,
189200,岡山民族,未全部更新,5,3,60,
195200,九如九里,未全部更新,5,3,60,
200600,成功大同,未全部更新,5,3,60,
200700,池上中正,未全部更新,5,3,60,
201100,新生,未全部更新,5,3,60,
211600,吉安自強,未全部更新,5,3,60,
211700,瑞穗國光,未全部更新,5,3,60,
211900,新城北埔,未全部更新,5,3,60,
212700,花蓮化道,未全部更新,5,3,60,
212800,花蓮明智,未全部更新,5,3,60,
220100,五結新生,未全部更新,5,3,60,
222800,蘇澳中山,未全部更新,5,3,60,
222900,蘇澳新榮,未全部更新,5,3,60,
223000,宜蘭聖後,未全部更新,5,3,60,
223600,蘇澳蘇濱,未全部更新,5,3,60,
230000,澎湖文光,未全部更新,5,3,60,
250400,南港中信,未全部更新,5,3,60,
252800,內湖網球場,未全部更新,5,3,60,
253600,大同大龍,未全部更新,5,3,60,
254800,新北投捷運,未全部更新,5,3,60,
255300,松山八德,未全部更新,5,3,60,
255900,文山萬美,未全部更新,5,3,60,
256200,內湖康寧,未全部更新,5,3,60,
256300,中山民權東,未全部更新,5,3,60,
256400,大直明水,未全部更新,5,3,60,
303900,萬里瑪鋉,未全部更新,5,3,60,
304100,三重仁義,未全部更新,5,3,60,
304200,新莊輔大,未全部更新,5,3,60,
305400,中和華夏,未全部更新,5,3,60,
305500,新店中央,未全部更新,5,3,60,
305600,土城中州,未全部更新,5,3,60,
305700,林口仁愛,未全部更新,5,3,60,
305800,中和安邦,未全部更新,5,3,60,
305900,板橋合宜,未全部更新,5,3,60,
307400,新店捷運,未全部更新,5,3,60,
307600,新莊大觀,未全部更新,5,3,60,
308000,新店安德,未全部更新,5,3,60,
309600,汐止樟樹二,未全部更新,5,3,60,
310100,新莊丹鳳,未全部更新,5,3,60,
311200,永和中山,未全部更新,5,3,60,
311500,永和永平,未全部更新,5,3,60,
311700,三峽國光,未全部更新,5,3,60,
320000,觀音莊敬,未全部更新,5,3,60,
340300,龍井龍津,未全部更新,5,3,60,
340800,台中中平,未全部更新,5,3,60,
341900,台中博愛,未全部更新,5,3,60,
342000,台中安和,未全部更新,5,3,60,
342500,台中軍榮五,未全部更新,5,3,60,
755000,台中三民,未全部更新,5,3,60,
020700,松山吉祥,未全部更新,8,5,62,
043200,中壢領航,未全部更新,8,5,62,
063600,竹東仁愛,未全部更新,8,5,62,
102400,南投南陽,未全部更新,8,5,62,
121000,斗六莊敬,未全部更新,8,5,62,
125200,斗六民生南,未全部更新,8,5,62,
156700,台南東平,未全部更新,8,5,62,
230300,澎湖百麗,未全部更新,8,5,62,
012800,基隆百福,未全部更新,3,2,66,
013700,基隆光明,未全部更新,6,4,66,
022200,北投中和,未全部更新,3,2,66,
022800,大同民生西,未全部更新,3,2,66,
023300,內湖金龍,未全部更新,6,4,66,
024400,士林延平,未全部更新,6,4,66,
025400,信義松興,未全部更新,6,4,66,
030400,新莊鴻金寶,未全部更新,6,4,66,
031700,深坑平埔,未全部更新,6,4,66,
033100,新店北新,未全部更新,6,4,66,
033800,蘆洲民族,未全部更新,6,4,66,
035300,南華,未全部更新,6,4,66,
035500,土城裕民,未全部更新,6,4,66,
039800,三重力行,未全部更新,6,4,66,
048300,觀音中山東,未全部更新,6,4,66,
048900,桃園大興,未全部更新,6,4,66,
049200,中壢龍智,未全部更新,6,4,66,
060300,湖口中正,未全部更新,6,4,66,
062400,竹北中正西,未全部更新,6,4,66,
070100,竹南,未全部更新,6,4,66,
085500,潭子豐興,未全部更新,3,2,66,
086800,龍井沙田,未全部更新,6,4,66,
087000,沙鹿屏西,未全部更新,6,4,66,
089400,豐原向陽,未全部更新,6,4,66,
089500,梧棲中華,未全部更新,6,4,66,
092900,大雅學府,未全部更新,6,4,66,
093400,大甲復興,未全部更新,6,4,66,
093900,大雅雅環,未全部更新,6,4,66,
094200,烏日長春,未全部更新,6,4,66,
094300,大里金德,未全部更新,6,4,66,
098800,台中振興,未全部更新,6,4,66,
102800,草屯,未全部更新,6,4,66,
120600,斗六西平,未全部更新,6,4,66,
122600,北港華勝,未全部更新,6,4,66,
130300,嘉義東門,未全部更新,6,4,66,
130500,嘉義友愛,未全部更新,6,4,66,
131600,嘉義博愛,未全部更新,3,2,66,
140300,大林忠孝,未全部更新,6,4,66,
140900,水上柳林,未全部更新,3,2,66,
154300,學甲華宗,未全部更新,6,4,66,
154500,台南國平,未全部更新,6,4,66,
156900,安平健康,未全部更新,6,4,66,
160600,永康永大,未全部更新,6,4,66,
160800,新化中正,未全部更新,6,4,66,
162900,新營民生,未全部更新,6,4,66,
165900,永康中華西,未全部更新,6,4,66,
168300,苓雅光華,未全部更新,6,4,66,
168700,三民博愛一,未全部更新,6,4,66,
169800,高雄建工,未全部更新,6,4,66,
181900,楠梓興楠,未全部更新,6,4,66,
183300,小港康莊,未全部更新,6,4,66,
183500,三民陽明,未全部更新,6,4,66,
184600,新興復興一,未全部更新,6,4,66,
185100,前金自強三,未全部更新,6,4,66,
186000,鳳山保華一,未全部更新,6,4,66,
186100,三民大順二,未全部更新,6,4,66,
186600,仁武水管,未全部更新,6,4,66,
186700,鳳山光華,未全部更新,6,4,66,
187100,三民有光,未全部更新,6,4,66,
187300,前鎮廣東三,未全部更新,6,4,66,
187400,前鎮明鳳三,未全部更新,6,4,66,
188100,前鎮瑞南,未全部更新,6,4,66,
188700,三民十全一,未全部更新,6,4,66,
189400,鼓山裕誠,未全部更新,6,4,66,
190300,屏東大連,未全部更新,3,2,66,
191700,東港長春一,未全部更新,6,4,66,
194300,恆春環城南,未全部更新,6,4,66,
195800,東港興安二,未全部更新,6,4,66,
195900,屏東公園,未全部更新,6,4,66,
210000,花蓮重慶,未全部更新,6,4,66,
220600,羅東純精,未全部更新,3,2,66,
223100,羅東培英,未全部更新,6,4,66,
223300,礁溪公園,未全部更新,6,4,66,
230500,澎湖海埔,未全部更新,6,4,66,
252500,士林德行東,未全部更新,6,4,66,
253300,南港研究院,未全部更新,6,4,66,
253400,內湖東湖,未全部更新,3,2,66,
254200,南港忠孝東,未全部更新,6,4,66,
300200,新店碧潭,未全部更新,3,2,66,
301100,淡水中山,未全部更新,6,4,66,
301300,土城海山,未全部更新,6,4,66,
303800,林口信義,未全部更新,6,4,66,
304600,汐止莊敬,未全部更新,6,4,66,
306900,新莊幸福東,未全部更新,6,4,66,
307100,三重集美,未全部更新,6,4,66,
309100,土城明德,未全部更新,6,4,66,
310000,永和永貞,未全部更新,6,4,66,
311300,汐止新台五,未全部更新,6,4,66,
311900,淡水義山,未全部更新,6,4,66,
341000,台中中清,未全部更新,6,4,66,
600000,信義信安,未全部更新,3,2,66,
600200,文山羅斯福,未全部更新,3,2,66,
701500,嘉義民權,未全部更新,6,4,66,
701900,朴子四維,未全部更新,6,4,66,
750800,中山德惠,未全部更新,6,4,66,
752300,新店惠國,未全部更新,3,2,66,
752700,台中西屯,未全部更新,6,4,66,
810100,基隆仁三,未全部更新,6,4,66,
223500,羅東林場,未全部更新,10,7,70,
035100,雨農,未全部更新,7,5,71,
048700,中壢環西,未全部更新,7,5,71,
051700,新竹食品,未全部更新,7,5,71,
083800,豐原成功,未全部更新,7,5,71,
184500,新興中正三,未全部更新,7,5,71,
185400,小港松園,未全部更新,7,5,71,
186200,前鎮光華三,未全部更新,7,5,71,
187500,左營博愛三,未全部更新,7,5,71,
188300,小港平和,未全部更新,7,5,71,
230600,澎湖光榮,未全部更新,7,5,71,
255600,文山興隆,未全部更新,7,5,71,
304400,淡水淡金,未全部更新,7,5,71,
307000,新莊民安西,未全部更新,7,5,71,
753900,信義莊敬,未全部更新,7,5,71,
013200,基隆百三,未全部更新,4,3,75,
020400,文山保儀,未全部更新,4,3,75,
020500,內湖康樂,未全部更新,4,3,75,
023000,大直北安,未全部更新,4,3,75,
023900,中山朱崙,未全部更新,4,3,75,
024300,文山順興,未全部更新,4,3,75,
024700,士林大南,未全部更新,4,3,75,
025500,南港凌雲,未全部更新,4,3,75,
026300,萬華中華,未全部更新,4,3,75,
026600,萬華西園,未全部更新,4,3,75,
026900,關渡藝大,未全部更新,4,3,75,
027200,大安復興南,未全部更新,4,3,75,
028600,萬華龍山,未全部更新,4,3,75,
030800,北縣金山,未全部更新,4,3,75,
031300,新店三民,未全部更新,4,3,75,
033300,文山木新,未全部更新,4,3,75,
036100,三重仁愛,未全部更新,4,3,75,
037400,三重三和,未全部更新,4,3,75,
039000,板橋江寧,未全部更新,4,3,75,
040800,平鎮中豐,未全部更新,4,3,75,
043000,平鎮育達,未全部更新,4,3,75,
043700,蘆竹南昌,未全部更新,4,3,75,
044000,蘆竹南竹,未全部更新,4,3,75,
045400,桃園同德,未全部更新,4,3,75,
050400,新竹南大,未全部更新,4,3,75,
051400,新竹西大,未全部更新,4,3,75,
060800,竹東北興,未全部更新,4,3,75,
061100,竹北隘口,未全部更新,4,3,75,
061300,竹北自強,未全部更新,4,3,75,
070800,三義廣盛,未全部更新,4,3,75,
080300,台中崇德,未全部更新,4,3,75,
080700,台中東山,未全部更新,4,3,75,
081500,天津,未全部更新,4,3,75,
082000,大連,未全部更新,4,3,75,
083200,台中學府,未全部更新,4,3,75,
083400,台中樂群,未全部更新,4,3,75,
083600,台中向上,未全部更新,4,3,75,
084200,太平勤益,未全部更新,4,3,75,
084300,台中學士,未全部更新,4,3,75,
085700,大里立中,未全部更新,4,3,75,
085800,太平光興,未全部更新,4,3,75,
088100,神岡中正,未全部更新,4,3,75,
088900,台中四平,未全部更新,4,3,75,
089100,台中福星,未全部更新,4,3,75,
089300,豐原大順,未全部更新,4,3,75,
091200,東勢東蘭,未全部更新,4,3,75,
095000,沙鹿中山,未全部更新,4,3,75,
100700,草屯和興,未全部更新,4,3,75,
103300,南投魚池,未全部更新,4,3,75,
115400,和美愛民,未全部更新,4,3,75,
115800,二林斗苑,未全部更新,4,3,75,
116100,花壇站前,未全部更新,4,3,75,
116200,和美糖友,未全部更新,4,3,75,
116600,北斗斗苑,未全部更新,4,3,75,
116900,大村中正西,未全部更新,4,3,75,
117700,永靖中山,未全部更新,4,3,75,
117900,鹿港長安,未全部更新,4,3,75,
120000,斗六上海,未全部更新,4,3,75,
121700,北港民享,未全部更新,4,3,75,
123300,褒忠中正,未全部更新,4,3,75,
123400,麥寮橋頭,未全部更新,4,3,75,
123800,西螺福來,未全部更新,4,3,75,
140100,太保中興,未全部更新,4,3,75,
140200,朴子文化,未全部更新,4,3,75,
142600,新港中山,未全部更新,4,3,75,
142700,竹崎,未全部更新,4,3,75,
150000,台南湖美,未全部更新,4,3,75,
150700,台南大勇,未全部更新,4,3,75,
151200,崇善,未全部更新,4,3,75,
152800,台南六甲,未全部更新,4,3,75,
152900,台南華平,未全部更新,4,3,75,
153300,台南仁和,未全部更新,4,3,75,
153700,關廟五甲,未全部更新,4,3,75,
155300,台南明興,未全部更新,4,3,75,
163200,善化中正,未全部更新,4,3,75,
164900,新化忠孝,未全部更新,4,3,75,
165200,台南民權,未全部更新,4,3,75,
168100,小港宏平,未全部更新,4,3,75,
171500,左營自由三,未全部更新,4,3,75,
172400,左營榮佑,未全部更新,4,3,75,
172700,小港,未全部更新,4,3,75,
173300,鳳山經武,未全部更新,4,3,75,
175200,高雄大社,未全部更新,4,3,75,
176700,鳳山光復,未全部更新,4,3,75,
178100,鹽埕壽星,未全部更新,4,3,75,
179400,岡山公園西,未全部更新,4,3,75,
180100,鳳山國泰,未全部更新,4,3,75,
181400,前鎮和誠,未全部更新,4,3,75,
183900,仁武鳳仁,未全部更新,4,3,75,
184800,鳳山鳳北,未全部更新,4,3,75,
189300,大寮鳳林,未全部更新,4,3,75,
190000,恆春西門,未全部更新,4,3,75,
192300,勝利,未全部更新,4,3,75,
192400,潮州朝昇東,未全部更新,4,3,75,
192600,屏東永大,未全部更新,4,3,75,
193600,屏東枋寮,未全部更新,4,3,75,
194000,萬巒褒忠,未全部更新,4,3,75,
195000,車城中山,未全部更新,4,3,75,
195500,潮州公園,未全部更新,4,3,75,
195600,內埔勝光,未全部更新,4,3,75,
210400,玉里和平,未全部更新,4,3,75,
211500,光復中山,未全部更新,4,3,75,
212000,鳳林信義,未全部更新,4,3,75,
212400,吉安南濱,未全部更新,4,3,75,
212500,吉安中山,未全部更新,4,3,75,
220000,羅東中正,未全部更新,4,3,75,
220500,羅東南門,未全部更新,4,3,75,
220800,宜蘭三清,未全部更新,4,3,75,
221800,冬山香和,未全部更新,4,3,75,
222500,宜蘭嵐峰,未全部更新,4,3,75,
223400,員山金山西,未全部更新,4,3,75,
230200,澎湖湖西,未全部更新,4,3,75,
252700,北投文林北,未全部更新,4,3,75,
253100,士林芝山,未全部更新,4,3,75,
253200,松山健康,未全部更新,4,3,75,
253700,文山樟文,未全部更新,4,3,75,
253800,大安仁愛,未全部更新,4,3,75,
253900,南港玉成,未全部更新,4,3,75,
254600,大安新生南,未全部更新,4,3,75,
255000,北投稻香,未全部更新,4,3,75,
255700,大同延平北,未全部更新,4,3,75,
255800,萬華環河南,未全部更新,4,3,75,
256600,松山南京東,未全部更新,4,3,75,
256800,龍山捷運,未全部更新,4,3,75,
257100,信義虎林,未全部更新,4,3,75,
257400,萬華柳州,未全部更新,4,3,75,
257500,信義國業,未全部更新,4,3,75,
257600,天母忠誠,未全部更新,4,3,75,
300100,永和永福,未全部更新,4,3,75,
300300,板橋新生,未全部更新,4,3,75,
302500,中和福祥,未全部更新,4,3,75,
303300,三重捷運,未全部更新,4,3,75,
303700,中和南山,未全部更新,4,3,75,
304700,中和南勢角,未全部更新,4,3,75,
305300,汐止大同,未全部更新,4,3,75,
308400,板橋英士,未全部更新,4,3,75,
309800,汐止中正,未全部更新,4,3,75,
310400,新店民權,未全部更新,4,3,75,
310500,板橋三民,未全部更新,4,3,75,
310600,中和捷運,未全部更新,4,3,75,
310800,新莊中安,未全部更新,4,3,75,
310900,板橋萬板,未全部更新,4,3,75,
311100,三重湯城,未全部更新,4,3,75,
311400,三重成功,未全部更新,4,3,75,
311600,土城清水,未全部更新,4,3,75,
600500,板橋僑中,未全部更新,4,3,75,
600700,竹北縣政,未全部更新,4,3,75,
750500,大甲民生,未全部更新,4,3,75,
752500,新莊建中,未全部更新,4,3,75,
754800,台中水湳,未全部更新,4,3,75,
831300,板橋重慶,未全部更新,4,3,75,
200500,台東中山,未全部更新,9,7,77,
020000,信義黎忠,未全部更新,5,4,80,
020800,南港中研,未全部更新,5,4,80,
021100,文山景興,未全部更新,5,4,80,
025100,北市建國,未全部更新,5,4,80,
025800,文山忠順,未全部更新,5,4,80,
028700,信義三興,未全部更新,5,4,80,
029700,民生社區,未全部更新,5,4,80,
031600,新店安康,未全部更新,5,4,80,
034000,中平,未全部更新,5,4,80,
034900,板橋大觀,未全部更新,5,4,80,
035600,三重介壽,未全部更新,5,4,80,
037100,新莊後港,未全部更新,5,4,80,
040400,中壢中美,未全部更新,5,4,80,
042400,中壢中北,未全部更新,5,4,80,
042500,中壢福州,未全部更新,5,4,80,
042800,楊梅瑞溪,未全部更新,5,4,80,
044300,大園華興,未全部更新,5,4,80,
061000,湖口民富,未全部更新,5,4,80,
061400,湖口和愛,未全部更新,5,4,80,
062500,新豐學府,未全部更新,5,4,80,
070700,苑裡中山,未全部更新,5,4,80,
080400,台中復興,未全部更新,5,4,80,
080800,台中陝西,未全部更新,5,4,80,
084100,新社中和,未全部更新,5,4,80,
084500,豐原豐東,未全部更新,5,4,80,
085000,旅順,未全部更新,5,4,80,
085400,清水鰲峰,未全部更新,5,4,80,
088800,梧棲文昌,未全部更新,5,4,80,
094900,大甲光明,未全部更新,5,4,80,
100200,南投文昌,未全部更新,5,4,80,
100600,埔里中正,未全部更新,5,4,80,
101100,草屯中正,未全部更新,5,4,80,
102600,竹山大明,未全部更新,5,4,80,
102700,南興,未全部更新,5,4,80,
112000,北斗復興,未全部更新,5,4,80,
113500,鹿港,未全部更新,5,4,80,
116500,社頭民生,未全部更新,5,4,80,
116700,和美德美,未全部更新,5,4,80,
122500,西螺光復,未全部更新,5,4,80,
141100,中埔中山,未全部更新,5,4,80,
142400,朴子大同,未全部更新,5,4,80,
151100,台南東安,未全部更新,5,4,80,
151600,裕農,未全部更新,5,4,80,
152000,台南和緯,未全部更新,5,4,80,
154400,台南北安,未全部更新,5,4,80,
155500,台南安和,未全部更新,5,4,80,
161200,歸仁,未全部更新,5,4,80,
169500,苓雅林森二,未全部更新,5,4,80,
174700,大寮二,未全部更新,5,4,80,
175300,阿蓮民族,未全部更新,5,4,80,
176800,美濃泰安,未全部更新,5,4,80,
177900,苓雅四維二,未全部更新,5,4,80,
178400,鳳山頂豐,未全部更新,5,4,80,
181200,楠梓土庫,未全部更新,5,4,80,
182000,鼓山新疆,未全部更新,5,4,80,
183000,苓雅二聖,未全部更新,5,4,80,
187800,三民十全三,未全部更新,5,4,80,
188900,大寮力行,未全部更新,5,4,80,
210500,花蓮美崙,未全部更新,5,4,80,
250800,內湖德安,未全部更新,5,4,80,
301800,三重永福,未全部更新,5,4,80,
302600,板橋公館,未全部更新,5,4,80,
701300,新營金華,未全部更新,5,4,80,
702000,斗六鎮南,未全部更新,5,4,80,
754000,文山辛亥,未全部更新,5,4,80,
841500,龍潭中正,未全部更新,5,4,80,
033400,淡水竹圍,未全部更新,6,5,83,
035000,板橋文聖,未全部更新,6,5,83,
051100,新竹自由,未全部更新,6,5,83,
240200,金門金湖,未全部更新,6,5,83,
251300,松山民有,未全部更新,6,5,83,
251800,士林中正,未全部更新,6,5,83,
751100,內湖葫洲,未全部更新,6,5,83,
186400,苓雅中正一,未全部更新,7,6,85,
302100,泰山全興,未全部更新,7,6,85,
780600,員林,未全部更新,37,34,91,
781400,斗南,未全部更新,24,22,91,
783700,鳳山,未全部更新,36,33,91,
783100,中和,未全部更新,28,26,92,
783600,嘉義,未全部更新,26,24,92,
783400,潤泰中崙,未全部更新,32,30,93,
780100,平鎮,未全部更新,50,47,94,
780200,新竹,未全部更新,39,37,94,
781300,中壢,未全部更新,37,35,94,
781700,台東,未全部更新,17,16,94,
783200,台南佳里店,未全部更新,22,21,95,
780300,台中,未全部更新,30,29,96,
780900,潤泰中和,未全部更新,30,29,96,
781600,南湖,未全部更新,51,49,96,
780700,台南,未全部更新,34,33,97,
781000,土城,未全部更新,35,34,97,
783300,八德,未全部更新,39,38,97,
783900,頭份,未全部更新,36,35,97,
781200,忠孝,未全部更新,54,53,98,
011800,基隆暖暖,全部更新,3,3,100,
011900,基隆義二,全部更新,3,3,100,
012000,基隆中正,全部更新,3,3,100,
012200,七堵,全部更新,3,3,100,
012700,基隆大武崙,全部更新,4,4,100,
013000,基隆源遠,全部更新,3,3,100,
013100,基隆樂利,全部更新,3,3,100,
013300,基隆海大,全部更新,3,3,100,
020200,北投致遠,全部更新,3,3,100,
020600,大直實踐,全部更新,3,3,100,
020900,中正延平,全部更新,3,3,100,
021200,北投明德,全部更新,4,4,100,
021500,內湖成功,全部更新,3,3,100,
021600,大安芳和,全部更新,4,4,100,
021700,士林忠誠,全部更新,2,2,100,
021900,松山興安,全部更新,3,3,100,
022100,萬華萬大,全部更新,3,3,100,
022400,信義嘉興,全部更新,3,3,100,
022500,大同民族西,全部更新,3,3,100,
022600,萬華民和,全部更新,2,2,100,
022700,北投復興崗,全部更新,3,3,100,
023200,萬華西藏,全部更新,4,4,100,
023500,信義六合,全部更新,4,4,100,
023600,南港中坡,全部更新,3,3,100,
023700,中正南昌,全部更新,3,3,100,
023800,士林士東,全部更新,2,2,100,
024000,內湖星雲,全部更新,4,4,100,
024200,中山南京,全部更新,4,4,100,
024800,北市和平,全部更新,4,4,100,
024900,文山萬年,全部更新,5,5,100,
025200,萬華雙園,全部更新,3,3,100,
026200,內湖港墘,全部更新,4,4,100,
027100,北投東華,全部更新,3,3,100,
027300,萬華長沙,全部更新,3,3,100,
027400,大安東門,全部更新,3,3,100,
027600,大同圓環,全部更新,4,4,100,
027700,中正華山,全部更新,4,4,100,
028200,松山中崙,全部更新,4,4,100,
028300,松山鵬程,全部更新,3,3,100,
029200,士林社子,全部更新,4,4,100,
029400,信義林口,全部更新,4,4,100,
029500,大安敦南,全部更新,4,4,100,
029600,中山興安,全部更新,3,3,100,
029800,中山雙連,全部更新,3,3,100,
029900,文山木柵,全部更新,3,3,100,
030000,中山吉林,全部更新,4,4,100,
030300,板橋光武,全部更新,3,3,100,
030500,三重天台,全部更新,3,3,100,
030700,中和秀朗,全部更新,3,3,100,
031000,板橋溪洲,全部更新,3,3,100,
031200,永和永安,全部更新,3,3,100,
031900,汐止忠孝,全部更新,3,3,100,
032400,三重,全部更新,3,3,100,
032500,新莊,全部更新,4,4,100,
033900,蘆洲永樂,全部更新,3,3,100,
034500,新店民族,全部更新,3,3,100,
034700,板橋江子翠,全部更新,3,3,100,
034800,淡水博愛,全部更新,4,4,100,
035200,泰山,全部更新,3,3,100,
035400,金城,全部更新,4,4,100,
035800,新莊化成,全部更新,4,4,100,
036300,蘆洲長安,全部更新,3,3,100,
036700,中和中山,全部更新,3,3,100,
037500,新店建國,全部更新,3,3,100,
037600,五股工商,全部更新,3,3,100,
037700,板橋中正,全部更新,3,3,100,
037800,汐止康寧,全部更新,5,5,100,
038100,泰山明志,全部更新,3,3,100,
038300,板橋中山,全部更新,3,3,100,
038600,樹林保安,全部更新,3,3,100,
038700,三峽光明,全部更新,3,3,100,
039100,永和福和,全部更新,3,3,100,
039200,新莊民安,全部更新,3,3,100,
039400,中和景平,全部更新,3,3,100,
039600,新店北宜,全部更新,2,2,100,
039700,淡水學府,全部更新,3,3,100,
040100,中壢環東,全部更新,4,4,100,
040600,平鎮南豐,全部更新,3,3,100,
040900,蘆竹大竹,全部更新,5,5,100,
041000,中壢元化,全部更新,3,3,100,
041100,中壢忠孝,全部更新,3,3,100,
041300,蘆竹南崁,全部更新,3,3,100,
041700,楊梅新農,全部更新,4,4,100,
041800,觀音大觀,全部更新,3,3,100,
042300,蘆竹上興,全部更新,3,3,100,
042700,大園?林,全部更新,3,3,100,
042900,大溪員林,全部更新,3,3,100,
043300,平鎮環南,全部更新,4,4,100,
043400,龍潭中豐,全部更新,3,3,100,
043500,中壢後興,全部更新,4,4,100,
043800,大園和平,全部更新,4,4,100,
043900,中壢廣州,全部更新,3,3,100,
044200,平鎮上海,全部更新,3,3,100,
044400,楊梅梅獅,全部更新,4,4,100,
044600,八德東勇,全部更新,4,4,100,
044700,龍潭三林,全部更新,4,4,100,
044800,觀音中山,全部更新,4,4,100,
045000,桃園中埔,全部更新,4,4,100,
045100,八德麻園,全部更新,4,4,100,
046000,平鎮祥安,全部更新,3,3,100,
046100,桃園東國,全部更新,4,4,100,
046200,桃園福元,全部更新,3,3,100,
046700,蘆竹興福,全部更新,4,4,100,
050000,新竹林森,全部更新,3,3,100,
050600,新竹南寮,全部更新,4,4,100,
050900,新竹武陵,全部更新,3,3,100,
051200,新竹關東,全部更新,4,4,100,
051500,香山牛埔,全部更新,4,4,100,
051600,新竹龍山,全部更新,4,4,100,
060000,竹北勝利,全部更新,4,4,100,
060200,竹北中正東,全部更新,3,3,100,
060400,新埔中正,全部更新,4,4,100,
060900,竹北中華,全部更新,4,4,100,
061200,關西北平,全部更新,3,3,100,
061500,新豐振興,全部更新,4,4,100,
061600,竹北自強南,全部更新,3,3,100,
070500,苗栗中華,全部更新,4,4,100,
070900,竹南光復,全部更新,4,4,100,
071000,頭份中央,全部更新,4,4,100,
071100,頭份中華,全部更新,3,3,100,
071200,苑裡世界,全部更新,4,4,100,
071300,竹南公義,全部更新,4,4,100,
071400,苗栗銅鑼,全部更新,3,3,100,
071500,竹南龍山,全部更新,4,4,100,
071600,後龍中華,全部更新,4,4,100,
080500,台中黎明,全部更新,3,3,100,
081200,軍功,全部更新,4,4,100,
081600,精誠,全部更新,4,4,100,
081800,台中二中,全部更新,3,3,100,
082200,北屯,全部更新,4,4,100,
082500,文心,全部更新,3,3,100,
082600,十甲,全部更新,4,4,100,
082700,台中文華,全部更新,4,4,100,
083500,台中民權,全部更新,3,3,100,
083900,龍井中央,全部更新,3,3,100,
084400,台中大進,全部更新,3,3,100,
084700,台中博館,全部更新,3,3,100,
084800,台中嶺東,全部更新,4,4,100,
085200,台中北屯二,全部更新,4,4,100,
085300,霧峰中正,全部更新,4,4,100,
085600,台中大忠,全部更新,3,3,100,
086200,逢甲,全部更新,4,4,100,
086300,豐原忠孝,全部更新,3,3,100,
086400,太平中平,全部更新,4,4,100,
086500,台中林森,全部更新,3,3,100,
086600,大肚榮華,全部更新,4,4,100,
086700,台中三厝,全部更新,3,3,100,
086900,太平樹孝,全部更新,4,4,100,
087200,台中河南,全部更新,3,3,100,
087300,台中新民,全部更新,3,3,100,
087600,石岡豐勢,全部更新,4,4,100,
087700,台中國安,全部更新,3,3,100,
087800,台中龍門,全部更新,3,3,100,
087900,台中青海,全部更新,4,4,100,
088000,台中東光,全部更新,4,4,100,
088200,台中松五,全部更新,3,3,100,
088300,台中軍太,全部更新,4,4,100,
088500,清水五權,全部更新,3,3,100,
088600,台中博館二,全部更新,3,3,100,
088700,太平新興,全部更新,3,3,100,
089000,豐原大豐,全部更新,4,4,100,
089200,台中大坑,全部更新,3,3,100,
089600,台中豐樂,全部更新,3,3,100,
090200,神岡昌平,全部更新,3,3,100,
091400,后里,全部更新,4,4,100,
091700,大里,全部更新,4,4,100,
092500,大肚,全部更新,3,3,100,
092700,神岡中山,全部更新,3,3,100,
092800,潭子,全部更新,4,4,100,
093000,大里成功,全部更新,4,4,100,
093500,大肚遊園,全部更新,3,3,100,
093700,烏日中山,全部更新,4,4,100,
094600,大雅民生,全部更新,4,4,100,
095100,台中樂業,全部更新,3,3,100,
095200,台中大鵬,全部更新,4,4,100,
095500,台中永春東,全部更新,3,3,100,
100800,南投學藝,全部更新,4,4,100,
100900,名間彰南,全部更新,4,4,100,
101000,國姓中興,全部更新,3,3,100,
102200,埔里,全部更新,3,3,100,
103400,集集民生,全部更新,3,3,100,
103500,竹山集山,全部更新,3,3,100,
111200,三民,全部更新,3,3,100,
111300,長興,全部更新,3,3,100,
111400,彰化自強南,全部更新,3,3,100,
112700,二林,全部更新,4,4,100,
112800,田中,全部更新,4,4,100,
114000,員林南昌,全部更新,3,3,100,
114200,伸港,全部更新,4,4,100,
114600,竹塘中興,全部更新,3,3,100,
115200,二林仁愛,全部更新,4,4,100,
115500,鹿港彰頂,全部更新,4,4,100,
115900,彰化進德,全部更新,4,4,100,
116800,花壇彰員,全部更新,4,4,100,
117000,福興員鹿,全部更新,3,3,100,
117100,鹿港鹿草,全部更新,4,4,100,
117200,員林員集,全部更新,3,3,100,
117300,田中新福,全部更新,4,4,100,
117400,埤頭斗苑,全部更新,4,4,100,
117500,埔心東明,全部更新,3,3,100,
121300,斗南中山,全部更新,4,4,100,
121900,虎尾新興,全部更新,4,4,100,
122700,崙背中山,全部更新,3,3,100,
123200,雲林口湖,全部更新,4,4,100,
124000,雲林東勢,全部更新,3,3,100,
124100,雲林四湖,全部更新,3,3,100,
124200,土庫馬光,全部更新,3,3,100,
130700,嘉義仁愛,全部更新,3,3,100,
131000,嘉義民國,全部更新,3,3,100,
131100,嘉義南京,全部更新,3,3,100,
131700,嘉義忠孝北,全部更新,2,2,100,
132500,嘉義忠孝,全部更新,3,3,100,
140000,民雄頭橋,全部更新,4,4,100,
140800,民雄大學,全部更新,4,4,100,
142300,民雄復興,全部更新,4,4,100,
150200,台南安中,全部更新,4,4,100,
151800,金華,全部更新,3,3,100,
152300,台南中華東,全部更新,3,3,100,
152600,台南崇德,全部更新,3,3,100,
153000,台南永成,全部更新,3,3,100,
153200,佳里中山,全部更新,3,3,100,
153800,台南健康,全部更新,3,3,100,
154100,永康復國,全部更新,3,3,100,
154200,台南中華西,全部更新,2,2,100,
154600,台南小東,全部更新,3,3,100,
155200,永康大橋,全部更新,4,4,100,
155400,台南夏林,全部更新,3,3,100,
155700,台南育安,全部更新,3,3,100,
155800,永康中華,全部更新,3,3,100,
155900,麻豆興中,全部更新,3,3,100,
160100,永康大灣,全部更新,4,4,100,
160400,仁德民安,全部更新,3,3,100,
160500,新營復興,全部更新,3,3,100,
161100,民治,全部更新,3,3,100,
161500,永康正強,全部更新,3,3,100,
163000,鹽水,全部更新,4,4,100,
163500,台南裕忠,全部更新,3,3,100,
163800,永康中山南,全部更新,2,2,100,
163900,關廟南雄,全部更新,3,3,100,
164000,永康富強,全部更新,3,3,100,
164100,仁德中清,全部更新,4,4,100,
164200,柳營中山,全部更新,3,3,100,
164400,官田中山,全部更新,3,3,100,
164500,台南興南,全部更新,3,3,100,
164700,西港新興,全部更新,3,3,100,
165000,永康北灣,全部更新,4,4,100,
165100,台南忠義,全部更新,4,4,100,
168000,前鎮崗山西,全部更新,4,4,100,
168400,左營重愛,全部更新,3,3,100,
168500,鼓山銘傳,全部更新,4,4,100,
168600,三民鼎泰,全部更新,4,4,100,
169000,右昌,全部更新,4,4,100,
169700,三民明誠一,全部更新,3,3,100,
169900,左營海總,全部更新,4,4,100,
170100,苓雅仁智,全部更新,3,3,100,
170300,三民大昌,全部更新,3,3,100,
170600,新興七賢二,全部更新,4,4,100,
170700,前金中華三,全部更新,3,3,100,
171100,三民九如一,全部更新,3,3,100,
171300,高雄重信,全部更新,3,3,100,
171700,楠梓德賢,全部更新,4,4,100,
171900,三民覺民,全部更新,3,3,100,
172000,高雄左大,全部更新,4,4,100,
172100,楠梓常興,全部更新,4,4,100,
172500,前鎮康定,全部更新,4,4,100,
172600,三民自強一,全部更新,3,3,100,
172800,鼓山明倫,全部更新,3,3,100,
173100,小港店北,全部更新,3,3,100,
173700,鳳山誠德,全部更新,4,4,100,
173900,鳳山保泰,全部更新,4,4,100,
174800,旗山延平一,全部更新,3,3,100,
174900,鳳山錦田,全部更新,3,3,100,
175400,燕巢中民,全部更新,3,3,100,
175500,林園東林西,全部更新,3,3,100,
175600,鳳山平等,全部更新,4,4,100,
175800,高雄仁武,全部更新,4,4,100,
175900,林園林園北,全部更新,3,3,100,
176100,鳳山中山,全部更新,3,3,100,
176300,鳳山瑞隆東,全部更新,3,3,100,
177100,高雄鳳林,全部更新,3,3,100,
177200,橋頭隆豐,全部更新,4,4,100,
177400,大寮鳳林三,全部更新,4,4,100,
177500,鼓山美明,全部更新,3,3,100,
177700,三民鼎力,全部更新,3,3,100,
177800,岡山大仁,全部更新,3,3,100,
178300,左營高鐵,全部更新,4,4,100,
178600,鳳山博愛,全部更新,3,3,100,
178700,高雄大樹,全部更新,4,4,100,
178800,鳳山建國,全部更新,3,3,100,
179000,新興林森一,全部更新,4,4,100,
179100,楠梓右昌,全部更新,4,4,100,
179200,三民鼎中,全部更新,3,3,100,
179300,旗山中華,全部更新,4,4,100,
179800,旗津中洲,全部更新,4,4,100,
179900,小港山明,全部更新,4,4,100,
180000,楠梓藍昌,全部更新,4,4,100,
180200,茄萣仁愛,全部更新,4,4,100,
180500,鳳山武營,全部更新,4,4,100,
180600,三民大昌二,全部更新,3,3,100,
180700,苓雅正義,全部更新,4,4,100,
180800,大社金龍,全部更新,3,3,100,
180900,仁武八德,全部更新,4,4,100,
181000,湖內保生,全部更新,3,3,100,
181100,左營文康,全部更新,3,3,100,
181300,左營自由二,全部更新,4,4,100,
181600,鼓山明誠,全部更新,3,3,100,
181800,三民金獅湖,全部更新,3,3,100,
182300,岡山岡燕,全部更新,4,4,100,
183100,三民褒揚,全部更新,3,3,100,
190100,潮州延平,全部更新,4,4,100,
190600,屏東自由,全部更新,4,4,100,
191000,屏東民族,全部更新,3,3,100,
191900,萬丹大憲,全部更新,4,4,100,
192000,東港博愛,全部更新,3,3,100,
192500,鹽埔維新,全部更新,3,3,100,
192700,萬丹大順,全部更新,3,3,100,
192900,屏東廣東,全部更新,4,4,100,
193000,屏東中正,全部更新,4,4,100,
193100,屏東復興南,全部更新,3,3,100,
193200,林邊中林,全部更新,3,3,100,
193400,屏東里港,全部更新,3,3,100,
193500,屏東瑞民,全部更新,4,4,100,
193800,恆春恆南,全部更新,4,4,100,
193900,高樹信義,全部更新,4,4,100,
194100,屏東萬年,全部更新,3,3,100,
194200,長治潭頭,全部更新,3,3,100,
194400,屏東南州,全部更新,3,3,100,
194500,潮州光復,全部更新,4,4,100,
194900,新埤中正,全部更新,3,3,100,
195100,內埔永光,全部更新,4,4,100,
200000,台東太麻里,全部更新,3,3,100,
200100,台東漢陽,全部更新,4,4,100,
200400,關山和平,全部更新,3,3,100,
201000,台東平等,全部更新,3,3,100,
201200,開封,全部更新,4,4,100,
210200,玉里仁愛,全部更新,4,4,100,
210300,花蓮林森,全部更新,3,3,100,
210700,花蓮太昌,全部更新,4,4,100,
210900,花蓮壽豐,全部更新,3,3,100,
211000,花蓮國聯,全部更新,4,4,100,
211100,花蓮中正,全部更新,4,4,100,
211200,吉安,全部更新,4,4,100,
211300,鳳林,全部更新,3,3,100,
211400,花蓮建國,全部更新,4,4,100,
220200,頭城開蘭,全部更新,3,3,100,
220400,宜蘭北門,全部更新,3,3,100,
220900,宜蘭健康,全部更新,4,4,100,
221300,礁溪,全部更新,3,3,100,
221400,羅東體育,全部更新,3,3,100,
222000,三星中山,全部更新,3,3,100,
222100,宜蘭泰山,全部更新,5,5,100,
222200,頭城青雲,全部更新,3,3,100,
222400,宜蘭新生,全部更新,4,4,100,
222600,宜蘭校舍,全部更新,4,4,100,
240300,金門民權,全部更新,4,4,100,
250300,大安正聲,全部更新,3,3,100,
250700,中正南海,全部更新,3,3,100,
251000,中山松江,全部更新,3,3,100,
251100,文山福興,全部更新,3,3,100,
251200,士林蘭雅,全部更新,3,3,100,
251400,大安民榮,全部更新,3,3,100,
251500,文山景美,全部更新,3,3,100,
251600,中正同安,全部更新,3,3,100,
251700,士林後港,全部更新,3,3,100,
251900,內湖文湖,全部更新,4,4,100,
252100,大安北師,全部更新,3,3,100,
252900,天母中山北,全部更新,3,3,100,
254000,南港旗艦,全部更新,7,7,100,
254100,內湖瑞光,全部更新,5,5,100,
300400,永和竹林,全部更新,3,3,100,
300500,蘆洲中山,全部更新,3,3,100,
300700,汐止中興,全部更新,4,4,100,
300900,三重中正北,全部更新,3,3,100,
301200,新莊龍安,全部更新,3,3,100,
301400,八里中庄,全部更新,3,3,100,
301600,三峽北大,全部更新,4,4,100,
301700,五股成泰,全部更新,3,3,100,
301900,林口民有,全部更新,4,4,100,
302000,淡水沙崙,全部更新,4,4,100,
302200,淡水新春,全部更新,3,3,100,
302300,林口麗都,全部更新,4,4,100,
302400,土城學府,全部更新,3,3,100,
302700,林口忠孝,全部更新,4,4,100,
302800,永和成功,全部更新,3,3,100,
302900,中和民德,全部更新,3,3,100,
303000,板橋莒光,全部更新,3,3,100,
303100,板橋板新,全部更新,3,3,100,
303200,永安捷運,全部更新,3,3,100,
303400,土城立仁,全部更新,2,2,100,
303500,新莊中原,全部更新,3,3,100,
303600,三芝中興,全部更新,3,3,100,
304000,中和新生,全部更新,5,5,100,
304500,永和中正,全部更新,4,4,100,
306100,板橋區運,全部更新,3,3,100,
308100,淡水自強,全部更新,3,3,100,
701100,麻豆中正,全部更新,5,5,100,
701200,佳里安西,全部更新,4,4,100,
701400,嘉義興業二,全部更新,3,3,100,
702100,白河國泰,全部更新,5,5,100,
750000,大安居安,全部更新,3,3,100,
750100,中和中正,全部更新,3,3,100,
750200,虎尾中正,全部更新,3,3,100,
750400,樹林樹德,全部更新,3,3,100,
750600,新埔捷運,全部更新,3,3,100,
750900,內湖南湖,全部更新,3,3,100,
751000,新莊豐年,全部更新,3,3,100,
751200,大安樂利,全部更新,3,3,100,
751300,松山三民,全部更新,4,4,100,
751400,天母天玉,全部更新,5,5,100,
751600,北投吉利,全部更新,3,3,100,
751700,北投行義,全部更新,4,4,100,
751800,亞東捷運,全部更新,3,3,100,
751900,永和警光,全部更新,4,4,100,
752000,新店中正,全部更新,3,3,100,
752100,蘆洲民權,全部更新,3,3,100,
752200,新莊中榮,全部更新,3,3,100,
752400,中正牯嶺,全部更新,3,3,100,
752600,台中太原,全部更新,3,3,100,
752800,卓蘭昭永,全部更新,3,3,100,
753000,台中三和,全部更新,4,4,100,
753400,中山晴光,全部更新,3,3,100,
753700,大安泰順,全部更新,3,3,100,
754100,信義松隆,全部更新,4,4,100,
754200,中山長春,全部更新,3,3,100,
754300,內湖文德,全部更新,3,3,100,
754500,台中仁和,全部更新,3,3,100,
754600,台中健行,全部更新,3,3,100,
754700,台中東海,全部更新,4,4,100,
754900,豐原三豐,全部更新,3,3,100,
755100,中和宜安,全部更新,4,4,100,
755200,台中美村,全部更新,3,3,100,
790000,中壢青埔,全部更新,28,28,100,
810000,基隆東明,全部更新,4,4,100,
831000,中和民樂,全部更新,4,4,100,
